work,family,path,essence
qthe,substrate,/home/z/my-project/qthe,QTHE 8-bit ternary hyper-embedding: integer split-channel LAYER-0 substrate with bijection/bounds guarantees
quilt-jepa,substrate,/home/z/my-project/quilt-jepa,"JEPA-style predictive judgment on quilt: concentration statistics, not global means (design law (b))"
jev-quilt,substrate,/home/z/my-project/jev-quilt,wiring JEV judgment into quilt cells
quilt-qcells,substrate,/home/z/my-project/quilt-qcells,"CELL-MAPPING receipt ledgers: 16 ledgers, 1418 rows, 7 opcodes LINK/BIND/TICK/EFFECT/VIEW/FORGET/PROOF"
jev-garden,garden,/home/z/my-project/jev-garden,"living JEV training system: rhizome + parametric head, watch->deform->observe->idle-compile->serve, sealed gate lifecycle"
jeviter,garden,/home/z/my-project/jeviter,"the jeviter lifecycle: versioned weaves promoted or DISCARDed by sealed gates, append-only"
exoj,garden,/home/z/my-project/exoj,"non-collapsing external vectorized scratch-paper: field primary, quilt projection, JEV soft emits, observation is a recorded act"
fleet-seeds,garden,/home/z/my-project/fleet-seeds,the seedbox: charters that spawn repos whose first commit is law
quilt-murmur,swarm,/home/z/my-project/download/quilt-murmur,"gossip trust economy protocol v3: receipts, spreader, gardener, moth, resonance, admission, founder guard"
quilt-pincher,swarm,/home/z/my-project/quilt-pincher,the pincher reflex organism
crab-traps,swarm,/home/z/my-project/crab-traps,fnv1a64 chain-basis crab traps: tamper detection primitives
quilt-organ-workers,organ,/home/z/my-project/quilt-organ-workers,"3 live Cloudflare workers: organ store (unified schema), watcher, judge relay"
quilt-jev-toolkit,organ,/home/z/my-project/quilt-jev-toolkit,"organ protocol v0->v2: rewind/save-state, hash-chained receipts, signed checkpoints, partial custody"
quilt-mcp-receipts,organ,/home/z/my-project/quilt-mcp-receipts,"the fleet receipt chain as an MCP organ: read/verify/append, qmr1 dialect, fail-closed named errors"
quilt-research-canons,organ,/home/z/my-project/quilt-research-canons,research canon documents: pre-registered predictions and canon law
quilt-quant,labs,/home/z/my-project/download/quilt-quant,"quant trading lab on quilt: policy cells, moth client, equity curves, round ledger"
quilt-dba,labs,/home/z/my-project/download/quilt-dba,"dba lane: vault, mothqrc, livejev, kernels, exact rewind, receipt chains"
quilt-raw,labs,/home/z/my-project/download/quilt-raw,raw quilt experiments: egg/loop/field/journal primitives
cot-quilt,labs,/home/z/my-project/cot-quilt,chain-of-thought pipeline on quilt (live judge relay)
MicroMoth-quilt,labs,/home/z/my-project/MicroMoth-quilt,micro moth on quilt
moth-research,labs,/home/z/my-project/moth-research,moth research: quantum randomness sourcing discipline
superinstance-site,meta,/home/z/my-project/download/superinstance,"the account's public face: brand, positioning map, QA manifesto"
quilt-upstream,meta,/home/z/my-project/quilt-upstream-main,"the upstream quilt repo (external origin, Lucineer): core engine + 100+ essays + synergy issues"
breakthrough-prospector,meta,/home/z/my-project/breakthrough-prospector,prospecting for breakthroughs across the fleet's output
craftmind-study,meta,/home/z/my-project/craftmind-study,craftmind study
quilt-atlas,meta,/home/z/my-project/quilt-atlas,prior atlas of the quilt ecosystem
quilt-codespace,meta,/home/z/my-project/quilt-codespace,codespace lane
si-fleet,meta,/home/z/my-project/si-fleet,fleet infrastructure and coordination
external-scouts,meta,/home/z/my-project/jev-garden/scouts/raw,"out-of-superinstance related research: V-JEPA 2, knowledge distillation, test-time training, continual learning, hyperdimensional computing"
